"","Df","SumOfSqs","R2","F","Pr(>F)"
"treatment",3,0.282483868233711,0.155876151008259,26.5116735829478,0.001
"day",5,0.620636149136009,0.342470438077794,34.9487631330333,0.001
"treatment:day",15,0.117085512648542,0.0646084293754569,2.19774170612962,0.001
"Residual",223,0.792027235587709,0.437044981538491,NA,NA
"Total",246,1.81223276560597,1,NA,NA
